<?xml version="1.0"?>
<!--<!DOCTYPE metadata SYSTEM "http://www.esri.com/metadata/esriprof80.dtd">-->
<metadata xml:lang="en"><Esri><CreaDate>20091126</CreaDate><CreaTime>10281000</CreaTime><SyncOnce>FALSE</SyncOnce><DataProperties><lineage><Process Name="CopyRaster_1" ToolSource="C:\Program Files\ArcGIS\ArcToolbox\Toolboxes\Data Management Tools.tbx\CopyRaster" Date="20071102" Time="102855">CopyRaster G:\Workspace\NA_elevation_2007\gtopo30\NA_DEM_fixup_Oct_2007\na_laz_2007c G:\Workspace\NA_elevation_2007\gtopo30\NA_DEM_fixup_Oct_2007\na_dem_laz.img # # # NONE NONE #</Process><Process ToolSource="C:\Program Files\ArcGIS\ArcToolbox\Toolboxes\Data Management Tools.tbx\Clip" Date="20091013" Time="140818">Clip "Elevation (m)" "-5761944.99473014 -3920000.00000001 4462000.00551166 4907000.0100684" C:\CEC_ATLAS_website_download_files\A_Land\1_Elevation\Zakirs_Edits\NA_Elevation NA_Land # ClippingGeometry</Process></lineage></DataProperties><SyncDate>20091109</SyncDate><SyncTime>11513200</SyncTime><ModDate>20091109</ModDate><ModTime>11513200</ModTime><MetaID>{090BD0D3-0A1B-4F21-9ABF-06CBE1324F47}</MetaID></Esri><idinfo><citation><citeinfo><onlink Sync="TRUE">\\PC154\C\CEC_Atlas_website_rectified_files_09_09\Elevation\MXD\na_elevation\data\NA_Elevation\NA_Elevation</onlink><origin>REQUIRED: The name of an organization or individual that developed the data set.</origin><pubdate>REQUIRED: The date when the data set is published or otherwise made available for release.</pubdate><title Sync="TRUE">NA_Elevation</title><ftname Sync="TRUE">NA_Elevation</ftname><geoform Sync="TRUE">raster digital data</geoform></citeinfo></citation><native Sync="TRUE">Microsoft Windows XP Version 5.1 (Build 2600) Service Pack 3; ESRI ArcCatalog 9.3.1.3000</native><descript><langdata Sync="TRUE">en</langdata><abstract>REQUIRED: A brief narrative summary of the data set.</abstract><purpose>REQUIRED: A summary of the intentions with which the data set was developed.</purpose></descript><timeperd><current>REQUIRED: The basis on which the time period of content information is determined.</current><timeinfo><sngdate><caldate>REQUIRED: The year (and optionally month, or month and day) for which the data set corresponds to the ground.</caldate></sngdate></timeinfo></timeperd><status><progress>REQUIRED: The state of the data set.</progress><update>REQUIRED: The frequency with which changes and additions are made to the data set after the initial data set is completed.</update></status><spdom><bounding><westbc Sync="TRUE">-180.000000</westbc><eastbc Sync="TRUE">180.000000</eastbc><northbc Sync="TRUE">90.000000</northbc><southbc Sync="TRUE">-4.598224</southbc></bounding><lboundng><leftbc Sync="TRUE">-5762000.000000</leftbc><rightbc Sync="TRUE">4462000.000000</rightbc><bottombc Sync="TRUE">-3920000.000000</bottombc><topbc Sync="TRUE">4907000.000000</topbc></lboundng></spdom><keywords><theme><themekt>REQUIRED: Reference to a formally registered thesaurus or a similar authoritative source of theme keywords.</themekt><themekey>REQUIRED: Common-use word or phrase used to describe the subject of the data set.</themekey></theme></keywords><accconst>REQUIRED: Restrictions and legal prerequisites for accessing the data set.</accconst><useconst>REQUIRED: Restrictions and legal prerequisites for using the data set after access is granted.</useconst><natvform Sync="TRUE">Raster Dataset</natvform></idinfo><distInfo><distributor><distorTran><onLineSrc><linkage Sync="TRUE">file://\\PC154\C\CEC_Atlas_website_rectified_files_09_09\Elevation\MXD\na_elevation\data\NA_Elevation\NA_Elevation</linkage><protocol Sync="TRUE">Local Area Network</protocol><orDesc Sync="TRUE">002</orDesc></onLineSrc><transSize Sync="TRUE">46.829</transSize></distorTran><distorFormat><formatName Sync="TRUE">Raster Dataset</formatName></distorFormat></distributor></distInfo><dataqual><lineage><procstep><procdesc Sync="TRUE">Dataset copied.</procdesc><srcused Sync="TRUE">G:\Workspace\NA_elevation_2007\NA elevation work files\NA_DEM_fixup_Oct_2007\NA_DEM_Nov_2007\na_dem_laz_img.img</srcused><date Sync="TRUE">20080324</date><time Sync="TRUE">11525300</time></procstep><procstep><procdesc Sync="TRUE">Dataset moved.</procdesc><srcused Sync="TRUE">G:\Workspace\NA_elevation_2007\NA_DEM_North_American_Atlas_2008\na_dem_laz_img.img</srcused><date Sync="TRUE">20080324</date><time Sync="TRUE">13592100</time></procstep></lineage></dataqual><dataIdInfo><envirDesc Sync="TRUE">Microsoft Windows XP Version 5.1 (Build 2600) Service Pack 3; ESRI ArcCatalog 9.3.1.3000</envirDesc><dataLang><languageCode Sync="TRUE" value="en"></languageCode></dataLang><idCitation><resTitle Sync="TRUE">NA_Elevation</resTitle><presForm><PresFormCd Sync="TRUE" value="005"></PresFormCd></presForm></idCitation><spatRpType><SpatRepTypCd Sync="TRUE" value="002"></SpatRepTypCd></spatRpType><dataExt><geoEle><GeoBndBox esriExtentType="native"><westBL Sync="TRUE">-5762000</westBL><eastBL Sync="TRUE">4462000</eastBL><northBL Sync="TRUE">4907000</northBL><southBL Sync="TRUE">-3920000</southBL><exTypeCode Sync="TRUE">1</exTypeCode></GeoBndBox></geoEle></dataExt><geoBox esriExtentType="decdegrees"><westBL Sync="TRUE">-180</westBL><eastBL Sync="TRUE">180</eastBL><northBL Sync="TRUE">90</northBL><southBL Sync="TRUE">-4.598224</southBL><exTypeCode Sync="TRUE">1</exTypeCode></geoBox></dataIdInfo><metainfo><langmeta Sync="TRUE">en</langmeta><metstdn Sync="TRUE">FGDC Content Standards for Digital Geospatial Metadata</metstdn><metstdv Sync="TRUE">FGDC-STD-001-1998</metstdv><mettc Sync="TRUE">local time</mettc><metc><cntinfo><cntorgp><cntper>REQUIRED: The person responsible for the metadata information.</cntper><cntorg>REQUIRED: The organization responsible for the metadata information.</cntorg></cntorgp><cntaddr><addrtype>REQUIRED: The mailing and/or physical address for the organization or individual.</addrtype><city>REQUIRED: The city of the address.</city><state>REQUIRED: The state or province of the address.</state><postal>REQUIRED: The ZIP or other postal code of the address.</postal></cntaddr><cntvoice>REQUIRED: The telephone number by which individuals can speak to the organization or individual.</cntvoice></cntinfo></metc><metd Sync="TRUE">20091109</metd><metextns><onlink Sync="TRUE">http://www.esri.com/metadata/esriprof80.html</onlink><metprof Sync="TRUE">ESRI Metadata Profile</metprof></metextns></metainfo><mdLang><languageCode Sync="TRUE" value="en"></languageCode></mdLang><mdStanName Sync="TRUE">ISO 19115 Geographic Information - Metadata</mdStanName><mdStanVer Sync="TRUE">DIS_ESRI1.0</mdStanVer><mdChar><CharSetCd Sync="TRUE" value="004"></CharSetCd></mdChar><mdHrLv><ScopeCd Sync="TRUE" value="005"></ScopeCd></mdHrLv><mdHrLvName Sync="TRUE">dataset</mdHrLvName><distinfo><resdesc Sync="TRUE">Downloadable Data</resdesc><stdorder><digform><digtinfo><transize Sync="TRUE">46.829</transize><dssize Sync="TRUE">46.829</dssize></digtinfo></digform></stdorder></distinfo><spdoinfo><direct Sync="TRUE">Raster</direct><rastinfo><rasttype Sync="TRUE">Grid Cell</rasttype><rowcount Sync="TRUE">8827</rowcount><colcount Sync="TRUE">10224</colcount><rastxsz Sync="TRUE">1000.000000</rastxsz><rastysz Sync="TRUE">1000.000000</rastysz><rastbpp Sync="TRUE">16</rastbpp><vrtcount Sync="TRUE">1</vrtcount><rastorig Sync="TRUE">Upper Left</rastorig><rastcmap Sync="TRUE">FALSE</rastcmap><rastcomp Sync="TRUE">Default</rastcomp><rastband Sync="TRUE">1</rastband><rastdtyp Sync="TRUE">matrix values</rastdtyp><rastplyr Sync="TRUE">TRUE</rastplyr><rastifor Sync="TRUE">GRID</rastifor></rastinfo></spdoinfo><spref><horizsys><cordsysn><geogcsn Sync="TRUE">GCS_Sphere_ARC_INFO</geogcsn><projcsn Sync="TRUE">Sphere_ARC_INFO_Lambert_Azimuthal_Equal_Area</projcsn></cordsysn><planar><planci><plance Sync="TRUE">row and column</plance><plandu Sync="TRUE">meters</plandu><coordrep><absres Sync="TRUE">1000.000000</absres><ordres Sync="TRUE">1000.000000</ordres></coordrep></planci><mapproj><mapprojn Sync="TRUE">Lambert Azimuthal Equal Area</mapprojn><lamberta><longpc Sync="TRUE">-100.000000</longpc><latprjc Sync="TRUE">45.000000</latprjc><feast Sync="TRUE">0.000000</feast><fnorth Sync="TRUE">0.000000</fnorth></lamberta></mapproj></planar><geodetic><horizdn Sync="TRUE">D_Sphere_ARC_INFO</horizdn><ellips Sync="TRUE">Sphere_ARC_INFO</ellips><semiaxis Sync="TRUE">6370997.000000</semiaxis><denflat Sync="TRUE">infinity</denflat></geodetic></horizsys></spref><refSysInfo><RefSystem><refSysID><identCode Sync="TRUE">Sphere_ARC_INFO_Lambert_Azimuthal_Equal_Area</identCode></refSysID></RefSystem></refSysInfo><spatRepInfo><GridSpatRep><numDims Sync="TRUE">2</numDims><cellGeo><CellGeoCd Sync="TRUE" value="002"></CellGeoCd></cellGeo><tranParaAv Sync="TRUE">1</tranParaAv><axDimProps><Dimen><dimName><DimNameTypCd Sync="TRUE" value="002"></DimNameTypCd></dimName><dimSize Sync="TRUE">10224</dimSize><dimResol><value Sync="TRUE">1000</value><uom><UomLength><uomName Sync="TRUE">Meter</uomName><conversionToISOstandardUnit Sync="TRUE">1 Meter = 1 Meter(s)</conversionToISOstandardUnit></UomLength></uom></dimResol></Dimen><Dimen><dimName><DimNameTypCd Sync="TRUE" value="001"></DimNameTypCd></dimName><dimSize Sync="TRUE">8827</dimSize><dimResol><value Sync="TRUE">1000</value><uom><UomLength><uomName Sync="TRUE">Meter</uomName><conversionToISOstandardUnit Sync="TRUE">1 Meter = 1 Meter(s)</conversionToISOstandardUnit></UomLength></uom></dimResol></Dimen></axDimProps></GridSpatRep></spatRepInfo><eainfo><detailed Name="na_elevation.vat"><enttyp><enttypl Sync="TRUE">na_elevation.vat</enttypl><enttypt Sync="TRUE">Table</enttypt><enttypc Sync="TRUE">4863</enttypc></enttyp><attr><attrlabl Sync="TRUE">Rowid</attrlabl><attalias Sync="TRUE">Rowid</attalias><attrtype Sync="TRUE">OID</attrtype><attwidth Sync="TRUE">4</attwidth><atprecis Sync="TRUE">0</atprecis><attscale Sync="TRUE">0</attscale><attrdef Sync="TRUE">Internal feature number.</attrdef><attrdefs Sync="TRUE">ESRI</attrdefs><attrdomv><udom Sync="TRUE">Sequential unique whole numbers that are automatically generated.</udom></attrdomv></attr><attr><attrlabl Sync="TRUE">VALUE</attrlabl><attalias Sync="TRUE">VALUE</attalias><attrtype Sync="TRUE">Integer</attrtype><attwidth Sync="TRUE">4</attwidth><atprecis Sync="TRUE">0</atprecis><attscale Sync="TRUE">0</attscale></attr><attr><attrlabl Sync="TRUE">COUNT</attrlabl><attalias Sync="TRUE">COUNT</attalias><attrtype Sync="TRUE">Integer</attrtype><attwidth Sync="TRUE">4</attwidth><atprecis Sync="TRUE">0</atprecis><attscale Sync="TRUE">0</attscale></attr></detailed></eainfo><mdDateSt Sync="TRUE">20091109</mdDateSt></metadata>
