<metadata xml:lang="en"><Esri><CreaDate>20121016</CreaDate><CreaTime>16063700</CreaTime><SyncOnce>FALSE</SyncOnce><SyncDate>20121120</SyncDate><SyncTime>15360600</SyncTime><ModDate>20121120</ModDate><ModTime>15360600</ModTime><DataProperties><lineage><Process ToolSource="C:\Program Files\ArcGIS\ArcToolbox\Toolboxes\Data Management Tools.tbx\DeleteFeatures" Date="20100608" Time="163651">DeleteFeatures Roads Roads</Process><Process ToolSource="C:\Program Files\ArcGIS\Desktop10.0\ArcToolbox\Toolboxes\Data Management Tools.tbx\CalculateField" Date="20101015" Time="172150">CalculateField Roads FCLASS "Primary" VB #</Process><Process ToolSource="c:\program files (x86)\arcgis\desktop10.1\ArcToolbox\Toolboxes\Conversion Tools.tbx\FeatureClassToFeatureClass" Date="20120712" Time="110734">FeatureClassToFeatureClass "Database Connections\grdConnection to devArcSde0.ciesin.columbia.edu.sde\GRD.Transportation\GRD.Roads" \\DATASERVER0\GlobalRoads\data\Geodatabase\shapefile rd.shp # "SOURCEID "Source ID" true true false 50 Text 0 0 ,First,#,Database Connections\grdConnection to devArcSde0.ciesin.columbia.edu.sde\GRD.Transportation\GRD.Roads,SOURCEID,-1,-1;EXS "Existence" true true false 4 Long 0 10 ,First,#,Database Connections\grdConnection to devArcSde0.ciesin.columbia.edu.sde\GRD.Transportation\GRD.Roads,EXS,-1,-1;NOTES "NOTES" true true false 1073741822 Text 0 0 ,First,#,Database Connections\grdConnection to devArcSde0.ciesin.columbia.edu.sde\GRD.Transportation\GRD.Roads,NOTES,-1,-1;ROADID "Road ID" true true false 50 Text 0 0 ,First,#,Database Connections\grdConnection to devArcSde0.ciesin.columbia.edu.sde\GRD.Transportation\GRD.Roads,ROADID,-1,-1;ONME "Official Road Name" true true false 200 Text 0 0 ,First,#,Database Connections\grdConnection to devArcSde0.ciesin.columbia.edu.sde\GRD.Transportation\GRD.Roads,ONME,-1,-1;RTENME "Route Name" true true false 200 Text 0 0 ,First,#,Database Connections\grdConnection to devArcSde0.ciesin.columbia.edu.sde\GRD.Transportation\GRD.Roads,RTENME,-1,-1;NTLCLASS "National Inventory Road Class" true true false 200 Text 0 0 ,First,#,Database Connections\grdConnection to devArcSde0.ciesin.columbia.edu.sde\GRD.Transportation\GRD.Roads,NTLCLASS,-1,-1;FCLASS "Functional Class" true true false 4 Long 0 10 ,First,#,Database Connections\grdConnection to devArcSde0.ciesin.columbia.edu.sde\GRD.Transportation\GRD.Roads,FCLASS,-1,-1;CRGWAY "Carriageways" true true false 4 Long 0 10 ,First,#,Database Connections\grdConnection to devArcSde0.ciesin.columbia.edu.sde\GRD.Transportation\GRD.Roads,CRGWAY,-1,-1;NUMLANES "Number of lanes" true true false 4 Long 0 10 ,First,#,Database Connections\grdConnection to devArcSde0.ciesin.columbia.edu.sde\GRD.Transportation\GRD.Roads,NUMLANES,-1,-1;LNEWIDTHM "Lane Width (m)" true true false 8 Double 8 38 ,First,#,Database Connections\grdConnection to devArcSde0.ciesin.columbia.edu.sde\GRD.Transportation\GRD.Roads,LNEWIDTHM,-1,-1;RDWIDTHM "Road Width (m)" true true false 8 Double 8 38 ,First,#,Database Connections\grdConnection to devArcSde0.ciesin.columbia.edu.sde\GRD.Transportation\GRD.Roads,RDWIDTHM,-1,-1;AXLELOADMT "Maximum Axle Loading (MT)" true true false 8 Double 8 38 ,First,#,Database Connections\grdConnection to devArcSde0.ciesin.columbia.edu.sde\GRD.Transportation\GRD.Roads,AXLELOADMT,-1,-1;TOTLOADMT "Maximum Total Loading (MT)" true true false 8 Double 8 38 ,First,#,Database Connections\grdConnection to devArcSde0.ciesin.columbia.edu.sde\GRD.Transportation\GRD.Roads,TOTLOADMT,-1,-1;SRFTPE "Surface Type" true true false 4 Long 0 10 ,First,#,Database Connections\grdConnection to devArcSde0.ciesin.columbia.edu.sde\GRD.Transportation\GRD.Roads,SRFTPE,-1,-1;SRFCOND "Surface Condition" true true false 4 Long 0 10 ,First,#,Database Connections\grdConnection to devArcSde0.ciesin.columbia.edu.sde\GRD.Transportation\GRD.Roads,SRFCOND,-1,-1;SRFPREP "Surface Preparation" true true false 4 Long 0 10 ,First,#,Database Connections\grdConnection to devArcSde0.ciesin.columbia.edu.sde\GRD.Transportation\GRD.Roads,SRFPREP,-1,-1;ISSEASONAL "Affected by season" true true false 4 Long 0 10 ,First,#,Database Connections\grdConnection to devArcSde0.ciesin.columbia.edu.sde\GRD.Transportation\GRD.Roads,ISSEASONAL,-1,-1;CURNTPRAC "Current Road Praticability" true true false 4 Long 0 10 ,First,#,Database Connections\grdConnection to devArcSde0.ciesin.columbia.edu.sde\GRD.Transportation\GRD.Roads,CURNTPRAC,-1,-1;GDWTHRPRAC "Good Weather Road Praticability" true true false 4 Long 0 10 ,First,#,Database Connections\grdConnection to devArcSde0.ciesin.columbia.edu.sde\GRD.Transportation\GRD.Roads,GDWTHRPRAC,-1,-1;BDWTHRPRAC "Bad Weather Road Praticability" true true false 4 Long 0 10 ,First,#,Database Connections\grdConnection to devArcSde0.ciesin.columbia.edu.sde\GRD.Transportation\GRD.Roads,BDWTHRPRAC,-1,-1;SPEEDLIMIT "Speed Limit (Km/hr)" true true false 4 Long 0 10 ,First,#,Database Connections\grdConnection to devArcSde0.ciesin.columbia.edu.sde\GRD.Transportation\GRD.Roads,SPEEDLIMIT,-1,-1;CURNTSPEED "Current Average Speed" true true false 4 Long 0 10 ,First,#,Database Connections\grdConnection to devArcSde0.ciesin.columbia.edu.sde\GRD.Transportation\GRD.Roads,CURNTSPEED,-1,-1;GNRALSPEED "General Average Speed" true true false 4 Long 0 10 ,First,#,Database Connections\grdConnection to devArcSde0.ciesin.columbia.edu.sde\GRD.Transportation\GRD.Roads,GNRALSPEED,-1,-1;ISUNDRCSTR "Is under Construction / Repairs" true true false 4 Long 0 10 ,First,#,Database Connections\grdConnection to devArcSde0.ciesin.columbia.edu.sde\GRD.Transportation\GRD.Roads,ISUNDRCSTR,-1,-1;CSTWRKETC "Construction Work Est Completion Date" true true false 36 Date 0 0 ,First,#,Database Connections\grdConnection to devArcSde0.ciesin.columbia.edu.sde\GRD.Transportation\GRD.Roads,CSTWRKETC,-1,-1;GRADDEG "Gradient (specify +/-degrees)" true true false 8 Double 8 38 ,First,#,Database Connections\grdConnection to devArcSde0.ciesin.columbia.edu.sde\GRD.Transportation\GRD.Roads,GRADDEG,-1,-1;SEC "Road Security Category" true true false 4 Long 0 10 ,First,#,Database Connections\grdConnection to devArcSde0.ciesin.columbia.edu.sde\GRD.Transportation\GRD.Roads,SEC,-1,-1;HASSHOULDR "Has Shoulder" true true false 4 Long 0 10 ,First,#,Database Connections\grdConnection to devArcSde0.ciesin.columbia.edu.sde\GRD.Transportation\GRD.Roads,HASSHOULDR,-1,-1;HASSIDEWLK "Has Sidewalk" true true false 4 Long 0 10 ,First,#,Database Connections\grdConnection to devArcSde0.ciesin.columbia.edu.sde\GRD.Transportation\GRD.Roads,HASSIDEWLK,-1,-1;DRIVSIDE "Driving Side" true true false 4 Long 0 10 ,First,#,Database Connections\grdConnection to devArcSde0.ciesin.columbia.edu.sde\GRD.Transportation\GRD.Roads,DRIVSIDE,-1,-1;ISELEVATED "Is elevated / suspended above ground or water
                                        surface" true true false 4 Long 0 10 ,First,#,Database Connections\grdConnection to devArcSde0.ciesin.columbia.edu.sde\GRD.Transportation\GRD.Roads,ISELEVATED,-1,-1;HASMEDIAN "Has median" true true false 4 Long 0 10 ,First,#,Database Connections\grdConnection to devArcSde0.ciesin.columbia.edu.sde\GRD.Transportation\GRD.Roads,HASMEDIAN,-1,-1;OPSTATUS "Operational Status" true true false 4 Long 0 10 ,First,#,Database Connections\grdConnection to devArcSde0.ciesin.columbia.edu.sde\GRD.Transportation\GRD.Roads,OPSTATUS,-1,-1;SHAPE_LEN "SHAPE_LEN" false false true 0 Double 0 0 ,First,#,Database Connections\grdConnection to devArcSde0.ciesin.columbia.edu.sde\GRD.Transportation\GRD.Roads,SHAPE.LEN,-1,-1" #</Process><Process ToolSource="c:\program files (x86)\arcgis\desktop10.1\ArcToolbox\Toolboxes\Conversion Tools.tbx\FeatureClassToFeatureClass" Date="20120712" Time="120600">FeatureClassToFeatureClass \\DATASERVER0\GlobalRoads\data\Geodatabase\shapefile\rd.shp \\DATASERVER0\GlobalRoads\data\Geodatabase\gROADS_July2012.gdb\Transportation rd # "SOURCEID "SOURCEID" true true false 50 Text 0 0 ,First,#,\\DATASERVER0\GlobalRoads\data\Geodatabase\shapefile\rd.shp,SOURCEID,-1,-1;EXS "EXS" true true false 10 Double 0 10 ,First,#,\\DATASERVER0\GlobalRoads\data\Geodatabase\shapefile\rd.shp,EXS,-1,-1;NOTES "NOTES" true true false 254 Text 0 0 ,First,#,\\DATASERVER0\GlobalRoads\data\Geodatabase\shapefile\rd.shp,NOTES,-1,-1;ROADID "ROADID" true true false 50 Text 0 0 ,First,#,\\DATASERVER0\GlobalRoads\data\Geodatabase\shapefile\rd.shp,ROADID,-1,-1;ONME "ONME" true true false 200 Text 0 0 ,First,#,\\DATASERVER0\GlobalRoads\data\Geodatabase\shapefile\rd.shp,ONME,-1,-1;RTENME "RTENME" true true false 200 Text 0 0 ,First,#,\\DATASERVER0\GlobalRoads\data\Geodatabase\shapefile\rd.shp,RTENME,-1,-1;NTLCLASS "NTLCLASS" true true false 200 Text 0 0 ,First,#,\\DATASERVER0\GlobalRoads\data\Geodatabase\shapefile\rd.shp,NTLCLASS,-1,-1;FCLASS "FCLASS" true true false 10 Double 0 10 ,First,#,\\DATASERVER0\GlobalRoads\data\Geodatabase\shapefile\rd.shp,FCLASS,-1,-1;CRGWAY "CRGWAY" true true false 10 Double 0 10 ,First,#,\\DATASERVER0\GlobalRoads\data\Geodatabase\shapefile\rd.shp,CRGWAY,-1,-1;NUMLANES "NUMLANES" true true false 10 Double 0 10 ,First,#,\\DATASERVER0\GlobalRoads\data\Geodatabase\shapefile\rd.shp,NUMLANES,-1,-1;LNEWIDTHM "LNEWIDTHM" true true false 19 Double 8 18 ,First,#,\\DATASERVER0\GlobalRoads\data\Geodatabase\shapefile\rd.shp,LNEWIDTHM,-1,-1;RDWIDTHM "RDWIDTHM" true true false 19 Double 8 18 ,First,#,\\DATASERVER0\GlobalRoads\data\Geodatabase\shapefile\rd.shp,RDWIDTHM,-1,-1;AXLELOADMT "AXLELOADMT" true true false 19 Double 8 18 ,First,#,\\DATASERVER0\GlobalRoads\data\Geodatabase\shapefile\rd.shp,AXLELOADMT,-1,-1;TOTLOADMT "TOTLOADMT" true true false 19 Double 8 18 ,First,#,\\DATASERVER0\GlobalRoads\data\Geodatabase\shapefile\rd.shp,TOTLOADMT,-1,-1;SRFTPE "SRFTPE" true true false 10 Double 0 10 ,First,#,\\DATASERVER0\GlobalRoads\data\Geodatabase\shapefile\rd.shp,SRFTPE,-1,-1;SRFCOND "SRFCOND" true true false 10 Double 0 10 ,First,#,\\DATASERVER0\GlobalRoads\data\Geodatabase\shapefile\rd.shp,SRFCOND,-1,-1;SRFPREP "SRFPREP" true true false 10 Double 0 10 ,First,#,\\DATASERVER0\GlobalRoads\data\Geodatabase\shapefile\rd.shp,SRFPREP,-1,-1;ISSEASONAL "ISSEASONAL" true true false 10 Double 0 10 ,First,#,\\DATASERVER0\GlobalRoads\data\Geodatabase\shapefile\rd.shp,ISSEASONAL,-1,-1;CURNTPRAC "CURNTPRAC" true true false 10 Double 0 10 ,First,#,\\DATASERVER0\GlobalRoads\data\Geodatabase\shapefile\rd.shp,CURNTPRAC,-1,-1;GDWTHRPRAC "GDWTHRPRAC" true true false 10 Double 0 10 ,First,#,\\DATASERVER0\GlobalRoads\data\Geodatabase\shapefile\rd.shp,GDWTHRPRAC,-1,-1;BDWTHRPRAC "BDWTHRPRAC" true true false 10 Double 0 10 ,First,#,\\DATASERVER0\GlobalRoads\data\Geodatabase\shapefile\rd.shp,BDWTHRPRAC,-1,-1;SPEEDLIMIT "SPEEDLIMIT" true true false 10 Double 0 10 ,First,#,\\DATASERVER0\GlobalRoads\data\Geodatabase\shapefile\rd.shp,SPEEDLIMIT,-1,-1;CURNTSPEED "CURNTSPEED" true true false 10 Double 0 10 ,First,#,\\DATASERVER0\GlobalRoads\data\Geodatabase\shapefile\rd.shp,CURNTSPEED,-1,-1;GNRALSPEED "GNRALSPEED" true true false 10 Double 0 10 ,First,#,\\DATASERVER0\GlobalRoads\data\Geodatabase\shapefile\rd.shp,GNRALSPEED,-1,-1;ISUNDRCSTR "ISUNDRCSTR" true true false 10 Double 0 10 ,First,#,\\DATASERVER0\GlobalRoads\data\Geodatabase\shapefile\rd.shp,ISUNDRCSTR,-1,-1;CSTWRKETC "CSTWRKETC" true true false 8 Date 0 0 ,First,#,\\DATASERVER0\GlobalRoads\data\Geodatabase\shapefile\rd.shp,CSTWRKETC,-1,-1;GRADDEG "GRADDEG" true true false 19 Double 8 18 ,First,#,\\DATASERVER0\GlobalRoads\data\Geodatabase\shapefile\rd.shp,GRADDEG,-1,-1;SEC "SEC" true true false 10 Double 0 10 ,First,#,\\DATASERVER0\GlobalRoads\data\Geodatabase\shapefile\rd.shp,SEC,-1,-1;HASSHOULDR "HASSHOULDR" true true false 10 Double 0 10 ,First,#,\\DATASERVER0\GlobalRoads\data\Geodatabase\shapefile\rd.shp,HASSHOULDR,-1,-1;HASSIDEWLK "HASSIDEWLK" true true false 10 Double 0 10 ,First,#,\\DATASERVER0\GlobalRoads\data\Geodatabase\shapefile\rd.shp,HASSIDEWLK,-1,-1;DRIVSIDE "DRIVSIDE" true true false 10 Double 0 10 ,First,#,\\DATASERVER0\GlobalRoads\data\Geodatabase\shapefile\rd.shp,DRIVSIDE,-1,-1;ISELEVATED "ISELEVATED" true true false 10 Double 0 10 ,First,#,\\DATASERVER0\GlobalRoads\data\Geodatabase\shapefile\rd.shp,ISELEVATED,-1,-1;HASMEDIAN "HASMEDIAN" true true false 10 Double 0 10 ,First,#,\\DATASERVER0\GlobalRoads\data\Geodatabase\shapefile\rd.shp,HASMEDIAN,-1,-1;OPSTATUS "OPSTATUS" true true false 10 Double 0 10 ,First,#,\\DATASERVER0\GlobalRoads\data\Geodatabase\shapefile\rd.shp,OPSTATUS,-1,-1;SHAPE_LEN "SHAPE_LEN" true true false 19 Double 0 0 ,First,#,\\DATASERVER0\GlobalRoads\data\Geodatabase\shapefile\rd.shp,SHAPE_LEN,-1,-1" #</Process><Process ToolSource="c:\program files (x86)\arcgis\desktop10.0\ArcToolbox\Toolboxes\Data Management Tools.tbx\CalculateField" Date="20121023" Time="103240">CalculateField Roads LENGTH_KM !shape.length@kilometers! PYTHON_9.3 #</Process><Process ToolSource="c:\program files (x86)\arcgis\desktop10.1\ArcToolbox\Toolboxes\Analysis Tools.tbx\Clip" Date="20121113" Time="143429">Clip Z:\data\Geodatabase\gROADS_final.gdb\Transportation\Roads D:\lpistole\GlobalRoads\TEST\Tiles\Regional_Tiles.gdb\Americas D:\lpistole\GlobalRoads\TEST\Tiles\Clip_Output\Clip_Rd_by_FeatClass.gdb\Americas_Clipped #</Process><Process ToolSource="c:\program files (x86)\arcgis\desktop10.1\ArcToolbox\Toolboxes\Data Management Tools.tbx\CalculateField" Date="20121120" Time="145648">CalculateField Americas_Clipped LENGTH_KM !shape.length@kilometers! PYTHON_9.3 #</Process><Process ToolSource="c:\program files (x86)\arcgis\desktop10.1\ArcToolbox\Toolboxes\Conversion Tools.tbx\FeatureClassToFeatureClass" Date="20121120" Time="153808">FeatureClassToFeatureClass D:\lpistole\GlobalRoads\TEST\Tiles\Final_Regional_Roads\Clip_Rd_by_FeatClass.gdb\Americas_Clipped D:\lpistole\GlobalRoads\TEST\Tiles\Final_Regional_Roads\Americas\gROADS-americas-v1-shp americas_Roads.shp # "SOURCEID "SOURCEID" true true false 50 Text 0 0 ,First,#,D:\lpistole\GlobalRoads\TEST\Tiles\Final_Regional_Roads\Clip_Rd_by_FeatClass.gdb\Americas_Clipped,SOURCEID,-1,-1;EXS "EXS" true true false 8 Double 0 0 ,First,#,D:\lpistole\GlobalRoads\TEST\Tiles\Final_Regional_Roads\Clip_Rd_by_FeatClass.gdb\Americas_Clipped,EXS,-1,-1;NOTES "NOTES" true true false 254 Text 0 0 ,First,#,D:\lpistole\GlobalRoads\TEST\Tiles\Final_Regional_Roads\Clip_Rd_by_FeatClass.gdb\Americas_Clipped,NOTES,-1,-1;ROADID "ROADID" true true false 50 Text 0 0 ,First,#,D:\lpistole\GlobalRoads\TEST\Tiles\Final_Regional_Roads\Clip_Rd_by_FeatClass.gdb\Americas_Clipped,ROADID,-1,-1;ONME "ONME" true true false 200 Text 0 0 ,First,#,D:\lpistole\GlobalRoads\TEST\Tiles\Final_Regional_Roads\Clip_Rd_by_FeatClass.gdb\Americas_Clipped,ONME,-1,-1;RTENME "RTENME" true true false 200 Text 0 0 ,First,#,D:\lpistole\GlobalRoads\TEST\Tiles\Final_Regional_Roads\Clip_Rd_by_FeatClass.gdb\Americas_Clipped,RTENME,-1,-1;NTLCLASS "NTLCLASS" true true false 200 Text 0 0 ,First,#,D:\lpistole\GlobalRoads\TEST\Tiles\Final_Regional_Roads\Clip_Rd_by_FeatClass.gdb\Americas_Clipped,NTLCLASS,-1,-1;FCLASS "FCLASS" true true false 8 Double 0 0 ,First,#,D:\lpistole\GlobalRoads\TEST\Tiles\Final_Regional_Roads\Clip_Rd_by_FeatClass.gdb\Americas_Clipped,FCLASS,-1,-1;CRGWAY "CRGWAY" true true false 8 Double 0 0 ,First,#,D:\lpistole\GlobalRoads\TEST\Tiles\Final_Regional_Roads\Clip_Rd_by_FeatClass.gdb\Americas_Clipped,CRGWAY,-1,-1;NUMLANES "NUMLANES" true true false 8 Double 0 0 ,First,#,D:\lpistole\GlobalRoads\TEST\Tiles\Final_Regional_Roads\Clip_Rd_by_FeatClass.gdb\Americas_Clipped,NUMLANES,-1,-1;LNEWIDTHM "LNEWIDTHM" true true false 8 Double 0 0 ,First,#,D:\lpistole\GlobalRoads\TEST\Tiles\Final_Regional_Roads\Clip_Rd_by_FeatClass.gdb\Americas_Clipped,LNEWIDTHM,-1,-1;RDWIDTHM "RDWIDTHM" true true false 8 Double 0 0 ,First,#,D:\lpistole\GlobalRoads\TEST\Tiles\Final_Regional_Roads\Clip_Rd_by_FeatClass.gdb\Americas_Clipped,RDWIDTHM,-1,-1;AXLELOADMT "AXLELOADMT" true true false 8 Double 0 0 ,First,#,D:\lpistole\GlobalRoads\TEST\Tiles\Final_Regional_Roads\Clip_Rd_by_FeatClass.gdb\Americas_Clipped,AXLELOADMT,-1,-1;TOTLOADMT "TOTLOADMT" true true false 8 Double 0 0 ,First,#,D:\lpistole\GlobalRoads\TEST\Tiles\Final_Regional_Roads\Clip_Rd_by_FeatClass.gdb\Americas_Clipped,TOTLOADMT,-1,-1;SRFTPE "SRFTPE" true true false 8 Double 0 0 ,First,#,D:\lpistole\GlobalRoads\TEST\Tiles\Final_Regional_Roads\Clip_Rd_by_FeatClass.gdb\Americas_Clipped,SRFTPE,-1,-1;SRFCOND "SRFCOND" true true false 8 Double 0 0 ,First,#,D:\lpistole\GlobalRoads\TEST\Tiles\Final_Regional_Roads\Clip_Rd_by_FeatClass.gdb\Americas_Clipped,SRFCOND,-1,-1;SRFPREP "SRFPREP" true true false 8 Double 0 0 ,First,#,D:\lpistole\GlobalRoads\TEST\Tiles\Final_Regional_Roads\Clip_Rd_by_FeatClass.gdb\Americas_Clipped,SRFPREP,-1,-1;ISSEASONAL "ISSEASONAL" true true false 8 Double 0 0 ,First,#,D:\lpistole\GlobalRoads\TEST\Tiles\Final_Regional_Roads\Clip_Rd_by_FeatClass.gdb\Americas_Clipped,ISSEASONAL,-1,-1;CURNTPRAC "CURNTPRAC" true true false 8 Double 0 0 ,First,#,D:\lpistole\GlobalRoads\TEST\Tiles\Final_Regional_Roads\Clip_Rd_by_FeatClass.gdb\Americas_Clipped,CURNTPRAC,-1,-1;GDWTHRPRAC "GDWTHRPRAC" true true false 8 Double 0 0 ,First,#,D:\lpistole\GlobalRoads\TEST\Tiles\Final_Regional_Roads\Clip_Rd_by_FeatClass.gdb\Americas_Clipped,GDWTHRPRAC,-1,-1;BDWTHRPRAC "BDWTHRPRAC" true true false 8 Double 0 0 ,First,#,D:\lpistole\GlobalRoads\TEST\Tiles\Final_Regional_Roads\Clip_Rd_by_FeatClass.gdb\Americas_Clipped,BDWTHRPRAC,-1,-1;SPEEDLIMIT "SPEEDLIMIT" true true false 8 Double 0 0 ,First,#,D:\lpistole\GlobalRoads\TEST\Tiles\Final_Regional_Roads\Clip_Rd_by_FeatClass.gdb\Americas_Clipped,SPEEDLIMIT,-1,-1;CURNTSPEED "CURNTSPEED" true true false 8 Double 0 0 ,First,#,D:\lpistole\GlobalRoads\TEST\Tiles\Final_Regional_Roads\Clip_Rd_by_FeatClass.gdb\Americas_Clipped,CURNTSPEED,-1,-1;GNRALSPEED "GNRALSPEED" true true false 8 Double 0 0 ,First,#,D:\lpistole\GlobalRoads\TEST\Tiles\Final_Regional_Roads\Clip_Rd_by_FeatClass.gdb\Americas_Clipped,GNRALSPEED,-1,-1;ISUNDRCSTR "ISUNDRCSTR" true true false 8 Double 0 0 ,First,#,D:\lpistole\GlobalRoads\TEST\Tiles\Final_Regional_Roads\Clip_Rd_by_FeatClass.gdb\Americas_Clipped,ISUNDRCSTR,-1,-1;CSTWRKETC "CSTWRKETC" true true false 8 Date 0 0 ,First,#,D:\lpistole\GlobalRoads\TEST\Tiles\Final_Regional_Roads\Clip_Rd_by_FeatClass.gdb\Americas_Clipped,CSTWRKETC,-1,-1;GRADDEG "GRADDEG" true true false 8 Double 0 0 ,First,#,D:\lpistole\GlobalRoads\TEST\Tiles\Final_Regional_Roads\Clip_Rd_by_FeatClass.gdb\Americas_Clipped,GRADDEG,-1,-1;SEC "SEC" true true false 8 Double 0 0 ,First,#,D:\lpistole\GlobalRoads\TEST\Tiles\Final_Regional_Roads\Clip_Rd_by_FeatClass.gdb\Americas_Clipped,SEC,-1,-1;HASSHOULDR "HASSHOULDR" true true false 8 Double 0 0 ,First,#,D:\lpistole\GlobalRoads\TEST\Tiles\Final_Regional_Roads\Clip_Rd_by_FeatClass.gdb\Americas_Clipped,HASSHOULDR,-1,-1;HASSIDEWLK "HASSIDEWLK" true true false 8 Double 0 0 ,First,#,D:\lpistole\GlobalRoads\TEST\Tiles\Final_Regional_Roads\Clip_Rd_by_FeatClass.gdb\Americas_Clipped,HASSIDEWLK,-1,-1;DRIVSIDE "DRIVSIDE" true true false 8 Double 0 0 ,First,#,D:\lpistole\GlobalRoads\TEST\Tiles\Final_Regional_Roads\Clip_Rd_by_FeatClass.gdb\Americas_Clipped,DRIVSIDE,-1,-1;ISELEVATED "ISELEVATED" true true false 8 Double 0 0 ,First,#,D:\lpistole\GlobalRoads\TEST\Tiles\Final_Regional_Roads\Clip_Rd_by_FeatClass.gdb\Americas_Clipped,ISELEVATED,-1,-1;HASMEDIAN "HASMEDIAN" true true false 8 Double 0 0 ,First,#,D:\lpistole\GlobalRoads\TEST\Tiles\Final_Regional_Roads\Clip_Rd_by_FeatClass.gdb\Americas_Clipped,HASMEDIAN,-1,-1;OPSTATUS "OPSTATUS" true true false 8 Double 0 0 ,First,#,D:\lpistole\GlobalRoads\TEST\Tiles\Final_Regional_Roads\Clip_Rd_by_FeatClass.gdb\Americas_Clipped,OPSTATUS,-1,-1;LENGTH_KM "LENGTH_KM" true true false 8 Double 0 0 ,First,#,D:\lpistole\GlobalRoads\TEST\Tiles\Final_Regional_Roads\Clip_Rd_by_FeatClass.gdb\Americas_Clipped,LENGTH_KM,-1,-1;Shape_Leng "Shape_Length" false true true 8 Double 0 0 ,First,#,D:\lpistole\GlobalRoads\TEST\Tiles\Final_Regional_Roads\Clip_Rd_by_FeatClass.gdb\Americas_Clipped,Shape_Length,-1,-1" #</Process></lineage><itemProps><itemLocation><linkage Sync="TRUE">file://\\MILANKOVICH\D$\lpistole\GlobalRoads\TEST\Tiles\Final_Regional_Roads\Americas\gROADS-americas-v1-shp\americas_Roads.shp</linkage><protocol Sync="TRUE">Local Area Network</protocol></itemLocation><itemName Sync="TRUE">americas_Roads</itemName><imsContentType Sync="TRUE">002</imsContentType><nativeExtBox><westBL Sync="TRUE">-179.999420</westBL><eastBL Sync="TRUE">179.999420</eastBL><southBL Sync="TRUE">-54.888020</southBL><northBL Sync="TRUE">77.223980</northBL><exTypeCode Sync="TRUE">1</exTypeCode></nativeExtBox><itemSize Sync="TRUE">0.000</itemSize></itemProps><coordRef><type Sync="TRUE">Geographic</type><geogcsn Sync="TRUE">GCS_WGS_1984</geogcsn><peXml Sync="TRUE">&lt;GeographicCoordinateSystem xsi:type='typens:GeographicCoordinateSystem' xmlns:xsi='http://www.w3.org/2001/XMLSchema-instance' xmlns:xs='http://www.w3.org/2001/XMLSchema' xmlns:typens='http://www.esri.com/schemas/ArcGIS/10.1'&gt;&lt;WKT&gt;GEOGCS[&amp;quot;GCS_WGS_1984&amp;quot;,DATUM[&amp;quot;D_WGS_1984&amp;quot;,SPHEROID[&amp;quot;WGS_1984&amp;quot;,6378137.0,298.257223563]],PRIMEM[&amp;quot;Greenwich&amp;quot;,0.0],UNIT[&amp;quot;Degree&amp;quot;,0.0174532925199433],AUTHORITY[&amp;quot;EPSG&amp;quot;,4326]]&lt;/WKT&gt;&lt;XOrigin&gt;-400&lt;/XOrigin&gt;&lt;YOrigin&gt;-400&lt;/YOrigin&gt;&lt;XYScale&gt;11258999068426.238&lt;/XYScale&gt;&lt;ZOrigin&gt;-100000&lt;/ZOrigin&gt;&lt;ZScale&gt;10000&lt;/ZScale&gt;&lt;MOrigin&gt;-100000&lt;/MOrigin&gt;&lt;MScale&gt;10000&lt;/MScale&gt;&lt;XYTolerance&gt;8.983152841195215e-009&lt;/XYTolerance&gt;&lt;ZTolerance&gt;0.001&lt;/ZTolerance&gt;&lt;MTolerance&gt;0.001&lt;/MTolerance&gt;&lt;HighPrecision&gt;true&lt;/HighPrecision&gt;&lt;LeftLongitude&gt;-180&lt;/LeftLongitude&gt;&lt;WKID&gt;4326&lt;/WKID&gt;&lt;LatestWKID&gt;4326&lt;/LatestWKID&gt;&lt;/GeographicCoordinateSystem&gt;</peXml><csUnits Sync="TRUE">Angular Unit: Degree (0.017453)</csUnits></coordRef></DataProperties><ArcGISFormat>1.0</ArcGISFormat><ArcGISstyle>ISO 19139 Metadata Implementation Specification</ArcGISstyle></Esri><idinfo><native Sync="TRUE">Microsoft Windows XP Version 5.1 (Build 2600) Service Pack 3; ESRI ArcCatalog 9.3.1.3000</native><descript><langdata Sync="TRUE">en</langdata><abstract>REQUIRED: A brief narrative summary of the data set.</abstract><purpose>REQUIRED: A summary of the intentions with which the data set was developed.</purpose></descript><citation><citeinfo><origin>REQUIRED: The name of an organization or individual that developed the data set.</origin><pubdate>REQUIRED: The date when the data set is published or otherwise made available for release.</pubdate><title Sync="TRUE">ROAD.Roads</title><ftname Sync="TRUE">ROAD.Roads</ftname><geoform Sync="TRUE">vector digital data</geoform><onlink Sync="TRUE">Server=dbdev0.ciesin.columbia.edu; Service=sde:oracle11g:\;LOCAL=sdwdb; User=sde; Version=SDE.DEFAULT</onlink></citeinfo></citation><timeperd><current>REQUIRED: The basis on which the time period of content information is determined.</current><timeinfo><sngdate><caldate>REQUIRED: The year (and optionally month, or month and day) for which the data set corresponds to the ground.</caldate></sngdate></timeinfo></timeperd><status><progress>REQUIRED: The state of the data set.</progress><update>REQUIRED: The frequency with which changes and additions are made to the data set after the initial data set is completed.</update></status><spdom><bounding><westbc Sync="TRUE">33.006298</westbc><eastbc Sync="TRUE">47.949381</eastbc><northbc Sync="TRUE">14.802542</northbc><southbc Sync="TRUE">3.440106</southbc></bounding><lboundng><leftbc Sync="TRUE">33.006298</leftbc><rightbc Sync="TRUE">47.949381</rightbc><bottombc Sync="TRUE">3.440106</bottombc><topbc Sync="TRUE">14.802542</topbc></lboundng></spdom><keywords><theme><themekt>REQUIRED: Reference to a formally registered thesaurus or a similar authoritative source of theme keywords.</themekt><themekey>REQUIRED: Common-use word or phrase used to describe the subject of the data set.</themekey></theme></keywords><accconst>REQUIRED: Restrictions and legal prerequisites for accessing the data set.</accconst><useconst>REQUIRED: Restrictions and legal prerequisites for using the data set after access is granted.</useconst><natvform Sync="TRUE">SDE Feature Class</natvform></idinfo><dataIdInfo><envirDesc Sync="TRUE">Microsoft Windows 7 Version 6.1 (Build 7601) Service Pack 1; Esri ArcGIS 10.1.0.3035</envirDesc><dataLang><languageCode Sync="TRUE" value="eng" country="USA"></languageCode><countryCode value="USA" Sync="TRUE"></countryCode></dataLang><idCitation><resTitle Sync="TRUE">americas_Roads</resTitle><presForm><PresFormCd Sync="TRUE" value="005"></PresFormCd></presForm></idCitation><spatRpType><SpatRepTypCd Sync="TRUE" value="001"></SpatRepTypCd></spatRpType><dataExt><geoEle><GeoBndBox esriExtentType="search"><westBL Sync="TRUE">-179.999420</westBL><eastBL Sync="TRUE">179.999420</eastBL><northBL Sync="TRUE">77.223980</northBL><southBL Sync="TRUE">-54.888020</southBL><exTypeCode Sync="TRUE">1</exTypeCode></GeoBndBox></geoEle></dataExt><geoBox esriExtentType="decdegrees"><westBL Sync="TRUE">33.006298</westBL><eastBL Sync="TRUE">47.949381</eastBL><northBL Sync="TRUE">14.802542</northBL><southBL Sync="TRUE">3.440106</southBL><exTypeCode Sync="TRUE">1</exTypeCode></geoBox><descKeys><thesaName uuidref="723f6998-058e-11dc-8314-0800200c9a66"></thesaName><keyword Sync="TRUE">002</keyword></descKeys></dataIdInfo><metainfo><langmeta Sync="TRUE">en</langmeta><metstdn Sync="TRUE">FGDC Content Standards for Digital Geospatial Metadata</metstdn><metstdv Sync="TRUE">FGDC-STD-001-1998</metstdv><mettc Sync="TRUE">local time</mettc><metc><cntinfo><cntorgp><cntper>REQUIRED: The person responsible for the metadata information.</cntper><cntorg>REQUIRED: The organization responsible for the metadata information.</cntorg></cntorgp><cntaddr><addrtype>REQUIRED: The mailing and/or physical address for the organization or individual.</addrtype><city>REQUIRED: The city of the address.</city><state>REQUIRED: The state or province of the address.</state><postal>REQUIRED: The ZIP or other postal code of the address.</postal></cntaddr><cntvoice>REQUIRED: The telephone number by which individuals can speak to the organization or individual.</cntvoice></cntinfo></metc><metd Sync="TRUE">20100215</metd></metainfo><mdLang><languageCode Sync="TRUE" value="eng"></languageCode><countryCode value="USA" Sync="TRUE"></countryCode></mdLang><mdStanName Sync="TRUE">ISO 19115 Geographic Information - Metadata</mdStanName><mdStanVer Sync="TRUE">DIS_ESRI1.0</mdStanVer><mdChar><CharSetCd Sync="TRUE" value="004"></CharSetCd></mdChar><mdHrLv><ScopeCd Sync="TRUE" value="005"></ScopeCd></mdHrLv><mdHrLvName Sync="TRUE">dataset</mdHrLvName><distinfo><resdesc Sync="TRUE">Downloadable Data</resdesc></distinfo><distInfo><distributor><distorTran><onLineSrc><orDesc Sync="TRUE">002</orDesc><linkage Sync="TRUE">Server=dbdev0.ciesin.columbia.edu; Service=sde:oracle11g:\;LOCAL=sdwdb; User=sde; Version=SDE.DEFAULT</linkage><protocol Sync="TRUE">ArcSDE Connection</protocol></onLineSrc></distorTran><distorFormat><formatName Sync="TRUE">SDE Feature Class</formatName></distorFormat></distributor><distFormat><formatName Sync="TRUE">Shapefile</formatName></distFormat><distTranOps><transSize Sync="TRUE">0.000</transSize></distTranOps></distInfo><spdoinfo><direct Sync="TRUE">Vector</direct><ptvctinf><esriterm Name="americas_Roads"><efeatyp Sync="TRUE">Simple</efeatyp><efeageom code="3" Sync="TRUE"></efeageom><esritopo Sync="TRUE">FALSE</esritopo><efeacnt Sync="TRUE">0</efeacnt><spindex Sync="TRUE">FALSE</spindex><linrefer Sync="TRUE">FALSE</linrefer></esriterm></ptvctinf></spdoinfo><spref><horizsys><cordsysn><geogcsn Sync="TRUE">GCS_WGS_1984</geogcsn></cordsysn><geograph><geogunit Sync="TRUE">Decimal degrees</geogunit><latres Sync="TRUE">0.000000</latres><longres Sync="TRUE">0.000000</longres></geograph><geodetic><horizdn Sync="TRUE">D_WGS_1984</horizdn><ellips Sync="TRUE">WGS_1984</ellips><semiaxis Sync="TRUE">6378137.000000</semiaxis><denflat Sync="TRUE">298.257224</denflat></geodetic></horizsys><vertdef><altsys><altenc Sync="TRUE">Explicit elevation coordinate included with horizontal coordinates</altenc><altres Sync="TRUE">1.000000</altres></altsys></vertdef></spref><refSysInfo><RefSystem><refSysID><identCode Sync="TRUE" code="4326" value="4326">GCS_WGS_1984</identCode><idCodeSpace Sync="TRUE">EPSG</idCodeSpace><idVersion Sync="TRUE">7.9.4</idVersion></refSysID></RefSystem></refSysInfo><spatRepInfo><VectSpatRep><geometObjs Name="americas_Roads"><geoObjTyp><GeoObjTypCd value="002" Sync="TRUE"></GeoObjTypCd></geoObjTyp><geoObjCnt Sync="TRUE">0</geoObjCnt></geometObjs><topLvl><TopoLevCd value="001" Sync="TRUE"></TopoLevCd></topLvl></VectSpatRep></spatRepInfo><eainfo><detailed Name="americas_Roads"><enttyp><enttypl Sync="TRUE">americas_Roads</enttypl><enttypt Sync="TRUE">Feature Class</enttypt><enttypc Sync="TRUE">0</enttypc></enttyp><attr><attrlabl Sync="TRUE">FID</attrlabl><attalias Sync="TRUE">FID</attalias><attrtype Sync="TRUE">OID</attrtype><attwidth Sync="TRUE">4</attwidth><atprecis Sync="TRUE">0</atprecis><attscale Sync="TRUE">0</attscale><attrdef Sync="TRUE">Internal feature number.</attrdef><attrdefs Sync="TRUE">Esri</attrdefs><attrdomv><udom Sync="TRUE">Sequential unique whole numbers that are automatically generated.</udom></attrdomv></attr><attr><attrlabl Sync="TRUE">SOURCEID</attrlabl><attalias Sync="TRUE">SOURCEID</attalias><attrtype Sync="TRUE">String</attrtype><attwidth Sync="TRUE">50</attwidth><atprecis Sync="TRUE">0</atprecis><attscale Sync="TRUE">0</attscale></attr><attr><attrlabl Sync="TRUE">EXS</attrlabl><attalias Sync="TRUE">EXS</attalias><attrtype Sync="TRUE">Double</attrtype><attwidth Sync="TRUE">19</attwidth><atprecis Sync="TRUE">0</atprecis><attscale Sync="TRUE">0</attscale></attr><attr><attrlabl Sync="TRUE">NOTES</attrlabl><attalias Sync="TRUE">NOTES</attalias><attrtype Sync="TRUE">String</attrtype><attwidth Sync="TRUE">254</attwidth><atprecis Sync="TRUE">0</atprecis><attscale Sync="TRUE">0</attscale></attr><attr><attrlabl Sync="TRUE">ROADID</attrlabl><attalias Sync="TRUE">ROADID</attalias><attrtype Sync="TRUE">String</attrtype><attwidth Sync="TRUE">50</attwidth><atprecis Sync="TRUE">0</atprecis><attscale Sync="TRUE">0</attscale></attr><attr><attrlabl Sync="TRUE">ONME</attrlabl><attalias Sync="TRUE">ONME</attalias><attrtype Sync="TRUE">String</attrtype><attwidth Sync="TRUE">200</attwidth><atprecis Sync="TRUE">0</atprecis><attscale Sync="TRUE">0</attscale></attr><attr><attrlabl Sync="TRUE">RTENME</attrlabl><attalias Sync="TRUE">RTENME</attalias><attrtype Sync="TRUE">String</attrtype><attwidth Sync="TRUE">200</attwidth><atprecis Sync="TRUE">0</atprecis><attscale Sync="TRUE">0</attscale></attr><attr><attrlabl Sync="TRUE">NTLCLASS</attrlabl><attalias Sync="TRUE">NTLCLASS</attalias><attrtype Sync="TRUE">String</attrtype><attwidth Sync="TRUE">200</attwidth><atprecis Sync="TRUE">0</atprecis><attscale Sync="TRUE">0</attscale></attr><attr><attrlabl Sync="TRUE">FCLASS</attrlabl><attalias Sync="TRUE">FCLASS</attalias><attrtype Sync="TRUE">Double</attrtype><attwidth Sync="TRUE">19</attwidth><atprecis Sync="TRUE">0</atprecis><attscale Sync="TRUE">0</attscale></attr><attr><attrlabl Sync="TRUE">CRGWAY</attrlabl><attalias Sync="TRUE">CRGWAY</attalias><attrtype Sync="TRUE">Double</attrtype><attwidth Sync="TRUE">19</attwidth><atprecis Sync="TRUE">0</atprecis><attscale Sync="TRUE">0</attscale></attr><attr><attrlabl Sync="TRUE">NUMLANES</attrlabl><attalias Sync="TRUE">NUMLANES</attalias><attrtype Sync="TRUE">Double</attrtype><attwidth Sync="TRUE">19</attwidth><atprecis Sync="TRUE">0</atprecis><attscale Sync="TRUE">0</attscale></attr><attr><attrlabl Sync="TRUE">LNEWIDTHM</attrlabl><attalias Sync="TRUE">LNEWIDTHM</attalias><attrtype Sync="TRUE">Double</attrtype><attwidth Sync="TRUE">19</attwidth><atprecis Sync="TRUE">0</atprecis><attscale Sync="TRUE">0</attscale></attr><attr><attrlabl Sync="TRUE">RDWIDTHM</attrlabl><attalias Sync="TRUE">RDWIDTHM</attalias><attrtype Sync="TRUE">Double</attrtype><attwidth Sync="TRUE">19</attwidth><atprecis Sync="TRUE">0</atprecis><attscale Sync="TRUE">0</attscale></attr><attr><attrlabl Sync="TRUE">AXLELOADMT</attrlabl><attalias Sync="TRUE">AXLELOADMT</attalias><attrtype Sync="TRUE">Double</attrtype><attwidth Sync="TRUE">19</attwidth><atprecis Sync="TRUE">0</atprecis><attscale Sync="TRUE">0</attscale></attr><attr><attrlabl Sync="TRUE">TOTLOADMT</attrlabl><attalias Sync="TRUE">TOTLOADMT</attalias><attrtype Sync="TRUE">Double</attrtype><attwidth Sync="TRUE">19</attwidth><atprecis Sync="TRUE">0</atprecis><attscale Sync="TRUE">0</attscale></attr><attr><attrlabl Sync="TRUE">SRFTPE</attrlabl><attalias Sync="TRUE">SRFTPE</attalias><attrtype Sync="TRUE">Double</attrtype><attwidth Sync="TRUE">19</attwidth><atprecis Sync="TRUE">0</atprecis><attscale Sync="TRUE">0</attscale></attr><attr><attrlabl Sync="TRUE">SRFCOND</attrlabl><attalias Sync="TRUE">SRFCOND</attalias><attrtype Sync="TRUE">Double</attrtype><attwidth Sync="TRUE">19</attwidth><atprecis Sync="TRUE">0</atprecis><attscale Sync="TRUE">0</attscale></attr><attr><attrlabl Sync="TRUE">SRFPREP</attrlabl><attalias Sync="TRUE">SRFPREP</attalias><attrtype Sync="TRUE">Double</attrtype><attwidth Sync="TRUE">19</attwidth><atprecis Sync="TRUE">0</atprecis><attscale Sync="TRUE">0</attscale></attr><attr><attrlabl Sync="TRUE">ISSEASONAL</attrlabl><attalias Sync="TRUE">ISSEASONAL</attalias><attrtype Sync="TRUE">Double</attrtype><attwidth Sync="TRUE">19</attwidth><atprecis Sync="TRUE">0</atprecis><attscale Sync="TRUE">0</attscale></attr><attr><attrlabl Sync="TRUE">CURNTPRAC</attrlabl><attalias Sync="TRUE">CURNTPRAC</attalias><attrtype Sync="TRUE">Double</attrtype><attwidth Sync="TRUE">19</attwidth><atprecis Sync="TRUE">0</atprecis><attscale Sync="TRUE">0</attscale></attr><attr><attrlabl Sync="TRUE">GDWTHRPRAC</attrlabl><attalias Sync="TRUE">GDWTHRPRAC</attalias><attrtype Sync="TRUE">Double</attrtype><attwidth Sync="TRUE">19</attwidth><atprecis Sync="TRUE">0</atprecis><attscale Sync="TRUE">0</attscale></attr><attr><attrlabl Sync="TRUE">BDWTHRPRAC</attrlabl><attalias Sync="TRUE">BDWTHRPRAC</attalias><attrtype Sync="TRUE">Double</attrtype><attwidth Sync="TRUE">19</attwidth><atprecis Sync="TRUE">0</atprecis><attscale Sync="TRUE">0</attscale></attr><attr><attrlabl Sync="TRUE">SPEEDLIMIT</attrlabl><attalias Sync="TRUE">SPEEDLIMIT</attalias><attrtype Sync="TRUE">Double</attrtype><attwidth Sync="TRUE">19</attwidth><atprecis Sync="TRUE">0</atprecis><attscale Sync="TRUE">0</attscale></attr><attr><attrlabl Sync="TRUE">CURNTSPEED</attrlabl><attalias Sync="TRUE">CURNTSPEED</attalias><attrtype Sync="TRUE">Double</attrtype><attwidth Sync="TRUE">19</attwidth><atprecis Sync="TRUE">0</atprecis><attscale Sync="TRUE">0</attscale></attr><attr><attrlabl Sync="TRUE">GNRALSPEED</attrlabl><attalias Sync="TRUE">GNRALSPEED</attalias><attrtype Sync="TRUE">Double</attrtype><attwidth Sync="TRUE">19</attwidth><atprecis Sync="TRUE">0</atprecis><attscale Sync="TRUE">0</attscale></attr><attr><attrlabl Sync="TRUE">ISUNDRCSTR</attrlabl><attalias Sync="TRUE">ISUNDRCSTR</attalias><attrtype Sync="TRUE">Double</attrtype><attwidth Sync="TRUE">19</attwidth><atprecis Sync="TRUE">0</atprecis><attscale Sync="TRUE">0</attscale></attr><attr><attrlabl Sync="TRUE">CSTWRKETC</attrlabl><attalias Sync="TRUE">CSTWRKETC</attalias><attrtype Sync="TRUE">Date</attrtype><attwidth Sync="TRUE">8</attwidth><atprecis Sync="TRUE">0</atprecis><attscale Sync="TRUE">0</attscale></attr><attr><attrlabl Sync="TRUE">GRADDEG</attrlabl><attalias Sync="TRUE">GRADDEG</attalias><attrtype Sync="TRUE">Double</attrtype><attwidth Sync="TRUE">19</attwidth><atprecis Sync="TRUE">0</atprecis><attscale Sync="TRUE">0</attscale></attr><attr><attrlabl Sync="TRUE">SEC</attrlabl><attalias Sync="TRUE">SEC</attalias><attrtype Sync="TRUE">Double</attrtype><attwidth Sync="TRUE">19</attwidth><atprecis Sync="TRUE">0</atprecis><attscale Sync="TRUE">0</attscale></attr><attr><attrlabl Sync="TRUE">HASSHOULDR</attrlabl><attalias Sync="TRUE">HASSHOULDR</attalias><attrtype Sync="TRUE">Double</attrtype><attwidth Sync="TRUE">19</attwidth><atprecis Sync="TRUE">0</atprecis><attscale Sync="TRUE">0</attscale></attr><attr><attrlabl Sync="TRUE">HASSIDEWLK</attrlabl><attalias Sync="TRUE">HASSIDEWLK</attalias><attrtype Sync="TRUE">Double</attrtype><attwidth Sync="TRUE">19</attwidth><atprecis Sync="TRUE">0</atprecis><attscale Sync="TRUE">0</attscale></attr><attr><attrlabl Sync="TRUE">DRIVSIDE</attrlabl><attalias Sync="TRUE">DRIVSIDE</attalias><attrtype Sync="TRUE">Double</attrtype><attwidth Sync="TRUE">19</attwidth><atprecis Sync="TRUE">0</atprecis><attscale Sync="TRUE">0</attscale></attr><attr><attrlabl Sync="TRUE">ISELEVATED</attrlabl><attalias Sync="TRUE">ISELEVATED</attalias><attrtype Sync="TRUE">Double</attrtype><attwidth Sync="TRUE">19</attwidth><atprecis Sync="TRUE">0</atprecis><attscale Sync="TRUE">0</attscale></attr><attr><attrlabl Sync="TRUE">HASMEDIAN</attrlabl><attalias Sync="TRUE">HASMEDIAN</attalias><attrtype Sync="TRUE">Double</attrtype><attwidth Sync="TRUE">19</attwidth><atprecis Sync="TRUE">0</atprecis><attscale Sync="TRUE">0</attscale></attr><attr><attrlabl Sync="TRUE">OPSTATUS</attrlabl><attalias Sync="TRUE">OPSTATUS</attalias><attrtype Sync="TRUE">Double</attrtype><attwidth Sync="TRUE">19</attwidth><atprecis Sync="TRUE">0</atprecis><attscale Sync="TRUE">0</attscale></attr><attr><attrlabl Sync="TRUE">SHAPE</attrlabl><attalias Sync="TRUE">Shape</attalias><attrtype Sync="TRUE">Geometry</attrtype><attwidth Sync="TRUE">0</attwidth><atprecis Sync="TRUE">0</atprecis><attscale Sync="TRUE">0</attscale><attrdef Sync="TRUE">Feature geometry.</attrdef><attrdefs Sync="TRUE">ESRI</attrdefs><attrdomv><udom Sync="TRUE">Coordinates defining the features.</udom></attrdomv></attr><attr><attrlabl Sync="TRUE">LENGTH_KM</attrlabl><attalias Sync="TRUE">LENGTH_KM</attalias><attrtype Sync="TRUE">Double</attrtype><attwidth Sync="TRUE">19</attwidth><atprecis Sync="TRUE">0</atprecis><attscale Sync="TRUE">0</attscale></attr><attr><attrlabl Sync="TRUE">Shape_Leng</attrlabl><attalias Sync="TRUE">Shape_Leng</attalias><attrtype Sync="TRUE">Double</attrtype><attwidth Sync="TRUE">19</attwidth><atprecis Sync="TRUE">0</atprecis><attscale Sync="TRUE">0</attscale></attr></detailed><detailed Name="ROAD.Rel_Source_Rd"><enttyp><enttypl Sync="TRUE">ROAD.Rel_Source_Rd</enttypl><enttypt Sync="TRUE">Relationship</enttypt></enttyp></detailed></eainfo><mdDateSt Sync="TRUE">20121120</mdDateSt><dataqual><lineage><procstep><proccont><cntinfo><cntperp><cntper>Greg Yetman</cntper><cntorg>CIESIN</cntorg></cntperp></cntinfo></proccont><procdesc>Edited road (objectid 390) surface type to be "unspecified" rather than "steel". From examination of the surface in Google Earth imagery this looked to be an error.</procdesc><procsv>ArcGIS 9.3.1</procsv><procdate>2010-02-15</procdate></procstep></lineage></dataqual></metadata>
